model,imbalance,cv_pr_auc_mean,cv_pr_auc_std,val_pr_auc,val_roc_auc,tuned_threshold,precision,recall,f1,fpr,f1_at_05,fit_time_seconds,tn,fp,fn,tp
logreg,none,0.7530106393302602,0.03669743488178566,0.7646166354244968,0.9831021053831935,0.06302085424523744,0.759493670886076,0.8450704225352113,0.8,0.00044718508755413295,0.7301587301587301,0.7723056999966502,42469,19,11,60
logreg,class_weight,0.7432662740131807,0.03623024306833624,0.7283674995044496,0.9749515024623356,0.9999890436095167,0.8307692307692308,0.7605633802816901,0.7941176470588235,0.00025889662963660327,0.10930828351836037,0.9927335000829771,42477,11,17,54
logreg,smote,0.7500490751083282,0.03329553569624446,0.7544547356001478,0.9738285673369913,0.9662975209670508,0.7945205479452054,0.8169014084507042,0.8055555555555556,0.0003530408585953681,0.49206349206349204,1.1470597999868914,42473,15,13,58
random_forest,none,0.8384211133891565,0.055111470515765856,0.8528073465444659,0.9812248561980051,0.6462703037017182,0.9655172413793104,0.7887323943661971,0.8682170542635659,4.7072114479382414e-05,0.8682170542635659,94.33453110000119,42486,2,15,56
random_forest,class_weight,0.8303744176756955,0.047275563889694665,0.8346603738796978,0.9670276412760123,0.6944995709559026,0.9076923076923077,0.8309859154929577,0.8676470588235294,0.00014121634343814725,0.8428571428571429,68.57296729995869,42482,6,12,59
random_forest,smote,0.8574664076315985,0.04927554588766067,0.8597012603879233,0.9788400900602259,0.8727346816917528,0.95,0.8028169014084507,0.8702290076335878,7.060817171907362e-05,0.8194444444444444,95.2346045000013,42485,3,14,57
xgboost,none,0.8525829929349775,0.05000721488372268,0.863627322527959,0.982204420270446,0.6290317177772522,1.0,0.8169014084507042,0.8992248062015504,0.0,0.8854961832061069,9.137166599975899,42488,0,13,58
xgboost,class_weight,0.8560894686210428,0.05011160981173563,0.8717250614144268,0.983116028121279,0.9974108338356018,1.0,0.8169014084507042,0.8992248062015504,0.0,0.8805970149253731,9.108777899993584,42488,0,13,58
xgboost,smote,0.8619609559931078,0.05261237528644951,0.8610260290932988,0.9801312582707694,0.825925886631012,0.9516129032258065,0.8309859154929577,0.8872180451127819,7.060817171907362e-05,0.8613138686131386,10.448855000082403,42485,3,12,59
